{
  "Items": [
    {
      "Postcode": "EC4A 1AN",
      "Distance": 36.1,
      "Easting": 531389,
      "Northing": 181458,
      "Latitude": 51.5167198181152,
      "Longitude": -0.107790179550648,
      "OsGrid": "TQ 31389 81458"
    }
  ]
}
